Beginner-Go,  30
AmadeusGhost,  24
1715173329,  14
qkly,   4
Mattraks,   4
EnnawYang,   4
40560208t,   4
xylz0928,   3
xiaobaishu1,   3
Saxon-Sun,   3
sandy91218,   3
ricksuzade-maker,   3
KFERMercer,   3
xnxy2012,   2
taowazi007,   2
longcat99,   2
limi00,   2
haoxinqing18999,   2
ghost,   2
fxhack,   2
fuhuaboy,   2
fanck0605,   2
dreamcmi,   2
zhucemax,   1
zhb7670,   1
zhang3126509,   1
yunhai20082008,   1
yujunge12311,   1
yjw8336,   1
xydzf520,   1
xmnh2001,   1
xingkoo,   1
xiazeyu,   1
XiaoliChan,   1
xiaoguai1818,   1
wyapx,   1
woOzZ2,   1
Wittoy,   1
wilson99,   1
whc2001,   1
whave,   1
wangxy918,   1
veoco,   1
vanked,   1
uamrws,   1
ttzzttzz,   1
thomaswcy,   1
swxk521,   1
ssitssit,   1
ss067500,   1
socrera,   1
shuye216,   1
shiyu1314,   1
samtiawin,   1
rose5200,   1
realJustinLee,   1
qzz233,   1
quintus-lab,   1
pupie,   1
noire11,   1
NevinXuHui,   1
nanchuci,   1
MrRight-Debug,   1
liwenjie119,   1
liqwnt,   1
LGD9527,   1
leungyauming,   1
kingfly2016,   1
imba-tjd,   1
hjw33210,   1
HiGarfield,   1
hhmaomao,   1
hhdys412,   1
haohaoget,   1
guyezi,   1
Gunfighter-lin,   1
gujyflii,   1
greennyreborn,   1
Ginua8292,   1
fndsz,   1
fliaping,   1
FakeLee,   1
fakeboboliu,   1
esirplayground,   1
ericsnow911,   1
EpLiar,   1
dwj0,   1
czhfirst,   1
cyijun,   1
cnlwh,   1
cjpjxjx,   1
brightsm,   1
bin131,   1
biliwala,   1
bigfoxtail,   1
anotherfish,   1
aexhjc,   1
Aes64X,   1
AE86JAY,   1
acooler15,   1
4860575,   1
