jpark37,  19
cg2121,  17
RytoEX,  12
kkartaltepe,  11
PatTheMav,   9
WizardCM,   8
GeorgesStavracas,   8
SCG82,   5
marcan,   5
pedanticdan,   4
offthegrid-mike,   4
gxalpha,   4
cpyarger,   4
vangdfang,   3
esden,   3
bershanskiy,   3
tbodt,   2
notr1ch,   2
Nirusu,   2
hernanrz,   2
exeldro,   2
desertpogona,   2
DDRBoxman,   2
darix,   2
ckelsel,   2
atyachin,   2
zhanghuishun,   1
xxcyn1calxx,   1
xarses,   1
Warchamp7,   1
wangshaohui1314,   1
Vainock,   1
ushadow,   1
tt2468,   1
tommyvct,   1
Thulinma,   1
thomaspicquet,   1
tatokis,   1
subzerobo,   1
stump,   1
SnopsisDev,   1
SideFli,   1
SelyanKab,   1
Scrxtchy,   1
Scrumplex,   1
rsiv,   1
robertdebock,   1
poccariswet,   1
pkviet,   1
pkubaj,   1
pardo-bsso,   1
nanocosmos-ol,   1
mr-c,   1
MrBrain295,   1
mkrn,   1
MengLi619,   1
Marenthyu,   1
makise-homura,   1
Lordmau5,   1
Linnun,   1
larryaasen,   1
knarrff,   1
justanameok,   1
jlosito,   1
jcward,   1
HoneyHazard,   1
henke37,   1
haydenmc,   1
fzwoch,   1
fredemmott,   1
freddii,   1
f3ndot,   1
drewler,   1
DispatchCommit,   1
derrod,   1
cmlin2,   1
clone1018,   1
Chiitoo,   1
celmoussaoui,   1
Biswa96,   1
bilelmoussaoui,   1
awarus,   1
adaamz,   1
aconz2,   1
abcdw,   1
AbAb1l,   1
2003cah,   1
