cmb69,  43
nikic,  22
kocsismate,  17
devnexen,  13
MaxSem,  12
Girgias,  12
TysonAndre,  11
kamil-tekiela,  10
dstogov,   8
dktapps,   7
sj-i,   3
twose,   2
morrisonlevi,   2
grooverdan,   2
adambaratz,   2
vmckillop,   1
tzmfreedom,   1
tstarling,   1
staabm,   1
shivammathur,   1
SammyK,   1
samm-git,   1
rioderelfte,   1
remicollet,   1
petk,   1
patrickallaert,   1
nawarian,   1
mvorisek,   1
mumumu,   1
mhei,   1
marinesovitch,   1
manuelm,   1
LeonMelis,   1
Jeckerson,   1
iluuu1994,   1
huanghantao,   1
dwgebler,   1
danog,   1
craigfrancis,   1
camporter,   1
Calison25,   1
bukka,   1
beberlei,   1
Ayesh,   1
Alex-McLean,   1
alexdowad,   1
AlexandrErohin,   1
aikurce,   1
afilina,   1
