ijjk,  29
leerob,  19
shuding,  13
timneutkens,  12
Timer,   8
sokra,   8
divmain,   5
peduarte,   4
Mokshit06,   4
getspooky,   3
tim-hanssen,   2
sromexs,   2
NkxxkN,   2
matamatanot,   2
KennethKinLum,   2
kaznak,   2
JulienKode,   2
giraffesyo,   2
elitan,   2
baulml,   2
alexknipfer,   2
weyert,   1
wcx0717,   1
vvo,   1
unimprobable,   1
turadg,   1
TRZK,   1
styfle,   1
spidgorny,   1
sphilee,   1
smitbarmase,   1
shkrmkr,   1
selrond,   1
Segolene-Alquier,   1
samsisle,   1
sam3d,   1
rsipakov,   1
rrih,   1
rekomat,   1
rafaellaurindo,   1
Pomaio,   1
piyushsi,   1
phoenixbox,   1
petercpwong,   1
petecorreia,   1
pedropbazzo,   1
Parnswir,   1
paolotiu17,   1
noahfschr,   1
nickbabcock,   1
nblthree,   1
Mzaien,   1
m-sterspace,   1
mottox2,   1
moh12594,   1
Mito9999,   1
michrome,   1
merceyz,   1
melono6,   1
maerzhase,   1
madou,   1
lindsaylevine,   1
laithyounes,   1
laanayam333,   1
kuhlaid,   1
Kerumen,   1
KarthikeyanRanasthala,   1
jpalmieri,   1
jflayhart,   1
Janpot,   1
janicklas-ralph,   1
housseindjirdeh,   1
harshitsan,   1
fwuensche,   1
eltociear,   1
edazpotato,   1
dulajkavinda,   1
dominicfraser,   1
devuxer,   1
deniseyu,   1
DeHoKo,   1
daviavmello,   1
danestves,   1
CMeeg,   1
cipriancaba,   1
Cicada95,   1
bionicles,   1
balazsorban44,   1
apt-exploit,   1
amille44420,   1
alex-safian,   1
alevosia,   1
Ajoe88,   1
aabedraba,   1
