katre,  28
comius,  26
aiuto,  11
dabrahams,  10
philsc,   6
mai93,   6
coeuvre,   6
Bencodes,   6
stepancheg,   5
scele,   5
meteorcloudy,   5
keith,   5
meisterT,   4
illicitonion,   4
quval,   3
nkoroste,   3
jin,   3
cushon,   3
benjaminp,   3
alexjski,   3
staalb,   2
laszlocsomor,   2
justinhorvitz,   2
jlaxson,   2
gregestren,   2
EdSchouten,   2
denyska,   2
zqzzq,   1
xinau,   1
wolfd,   1
wisechengyi,   1
werkt,   1
virusdave,   1
Vertexwahn,   1
ulfjack,   1
torgil,   1
susinmotion,   1
stolyaroleh,   1
samhowes,   1
qaisjp,   1
philwo,   1
olekw,   1
odisseus,   1
nikola-sh,   1
mattem,   1
liucijus,   1
lindner,   1
limdor,   1
kageiit,   1
JustusFT,   1
jbpextra,   1
goodspark,   1
GMNGeoffrey,   1
glukasiknuro,   1
farcaller,   1
erenon,   1
endobson,   1
elharo,   1
dmivankov,   1
davido,   1
cpu,   1
cocreature,   1
chancila,   1
benjaminRomano,   1
beasleyr-vmw,   1
attilaolah,   1
alexeagle,   1
aaliddell,   1
