alexstulov,  11
dependabot[bot],   6
appleJax,   6
trekhleb,   4
JB1959,   4
RequireSun,   3
niltonslf,   3
mrwolferinc,   3
mi1ord,   3
AdjieDjaeger,   3
yavorski,   2
YaninaTrekhleb,   2
vladimirschneider,   2
Veeloxfire,   2
trustyoo86,   2
SidKwok,   2
PantsStatusZero,   2
nari0shota,   2
Minki-Kim95,   2
ly15927086342,   2
ltruchot,   2
jpvg10,   2
jprask,   2
hanhdt,   2
CodeByZack,   2
bcrazydreamer,   2
avi09,   2
austintheriot,   2
adityahiran,   2
zhang1pr,   1
yusufunlu,   1
xpressabhi,   1
xiaomingfu,   1
wilecoyote1,   1
wckim,   1
vsemozhetbyt,   1
vipuljain08,   1
viniciuslacerda0,   1
vilanz,   1
Varun2012,   1
vamshi9,   1
valarpirai,   1
UjjwalAryal,   1
themgoncalves,   1
tendonstrength,   1
surajhell88,   1
suifengtec,   1
stephenkingsley,   1
solomon-han,   1
SlyCreator,   1
SilenceMMMMMM,   1
shanoaice,   1
sergiitk,   1
SaurabhAgrawalofficial,   1
sagidM,   1
rugamaga,   1
rollingcomma,   1
rokity,   1
RodrigoStuani,   1
regchiu,   1
rafaelncarvalho,   1
quietsato,   1
Provenr,   1
pineapple45,   1
onicat,   1
oimo23,   1
ohbarye,   1
ocnly,   1
nirvanarsc,   1
nileshtadha1,   1
monkeyWzr,   1
Minjae77,   1
mhmoodlan,   1
Mengeroshi,   1
mcdongWang,   1
MatheusBonavite,   1
Marcelo-Rodrigues,   1
manishdangi98,   1
ManasSingh-dev,   1
lvzhenbang,   1
LostSenSS,   1
ljpedroso,   1
LiuL0703,   1
lisqorz,   1
linghuam,   1
LiaoYingKai,   1
kuldeepdadhich,   1
knight7,   1
klaussinani,   1
kiinlam,   1
keisei77,   1
kalouo,   1
kaashif29,   1
jougene,   1
jiaoguanwen,   1
jdmedina,   1
jadestrong,   1
ivanbatistao,   1
isikhi,   1
IPRIT,   1
imyangyong,   1
Herobs,   1
henrycjchen,   1
haalogen,   1
Gorgchap,   1
Gifted-s,   1
ghost,   1
geekxh,   1
gbamparop,   1
frankanneveld,   1
erant949,   1
emrekasg01,   1
emadsami88,   1
donghoon-song,   1
deepthan,   1
deeper-x,   1
daddou-ma,   1
cloudyan,   1
chetanvihite,   1
catchonme,   1
carlos0ff,   1
caldasluan,   1
BryanChan777,   1
brandonvilla21,   1
borxes,   1
boardens,   1
bnainar,   1
bmsdave,   1
bhaltair,   1
B3ns44d,   1
AykutSarac,   1
awibox,   1
arslan-ashraf,   1
arnoldczhang,   1
arnavb,   1
AriLFrankel,   1
Antonio072,   1
amitsingh19975,   1
Amir-ASattar,   1
alrtas,   1
alliefrench,   1
agusnavce,   1
aesher9o1,   1
aeilot,   1
46010,   1
