dependabot[bot],  62
XhmikosR,  38
mdo,  18
ffoodd,  13
GeoSot,   8
rohit2sharma95,   7
patrickhlauke,   4
sijusamson,   3
kyletsang,   3
CameronWhiteCS,   3
WinterSilence,   2
nikonthethird,   2
AqeelAT,   2
xwghua,   1
xi,   1
vinorodrigues,   1
vincentcaitech,   1
staszek998,   1
semihraifgurel,   1
semblu,   1
samwilliscreative,   1
RyanBerliner,   1
rosttrainer,   1
repositoryaxis,   1
redbassett,   1
Quy,   1
philipkiely,   1
nlipka,   1
nickyod,   1
neoleesky,   1
MoPaMo,   1
mohamed-khoualed,   1
mimi89999,   1
lsbbd,   1
k-utsumi,   1
KhaledDev,   1
jarihant701,   1
irfanfadilah,   1
hsiangfeng,   1
HimajPatil,   1
gopal-jayaraman,   1
ghost,   1
garrettjohnson,   1
Christinaliuhh,   1
choutkamartin,   1
caseyjhol,   1
brandboxmarketplace,   1
ahmedsalem382,   1
