kassens,  49
alunyov,  13
dependabot[bot],  12
zth,   9
poteto,   8
maraisr,   7
josephsavona,   7
morrys,   6
lucasweng,   5
kyarik,   4
stryju,   3
mrtnzlml,   3
leoasis,   3
tyao1,   2
TrySound,   2
mariusschulz,   2
MaartenStaa,   2
lucasecdb,   2
DawoodShahat,   2
zpao,   1
ymittal,   1
wongmjane,   1
wincent,   1
wakeless,   1
w01fgang,   1
Vrq,   1
visshaljagtap,   1
umershaikh97,   1
tjklemz,   1
thicodes,   1
suhaibmujahid,   1
squidsoup,   1
smacpherson64,   1
SiddharthSham,   1
SeshanPillay25,   1
RicCu,   1
rgbkrk,   1
RDIL,   1
pauloedurezende,   1
none23,   1
Nilomiranda,   1
n1ru4l,   1
mjm,   1
MahdiAbdi,   1
liamross,   1
kafinsalim,   1
kadirselcuk,   1
JuanitoFatas,   1
JoelMarcey,   1
janicduplessis,   1
H-Huang,   1
HeroicHitesh,   1
ghost,   1
geekbeast-sid,   1
fabriziocucci,   1
erictaylor,   1
enisdenjo,   1
edvinerikson,   1
eduardomoroni,   1
earvinLi,   1
dlvhdr,   1
dantxal,   1
DanishShah,   1
DanielMSchmidt,   1
Daniel15,   1
danalex97,   1
cpojer,   1
christianvuerings,   1
chaytanyasinha,   1
bonafideyan,   1
bigfootjon,   1
bart88,   1
andrewkfiedler,   1
andrehsu,   1
AmyHuang82,   1
Ahmadjawaid,   1
AdityaDonthy,   1
aakshintala,   1
