allcontributors[bot],  64
ohbus,  22
iluwatar,   9
xiaod-dev,   5
charlesfinley,   5
vINCENT8888801,   3
ravening,   3
demirhalil,   3
Tubaleviao,   2
swarajsaaj,   2
omarkar101,   2
mookkiah,   2
jinishavora,   2
ignite1771,   2
fedorskvorcov,   2
Anurag870,   2
amit1307,   2
zh-artykbay,   1
yvdyash,   1
Yugalbuddy,   1
Yashmal99,   1
xdvrx1,   1
whyadiwhy,   1
vrashi,   1
viveksb007,   1
Vijay-Git03,   1
vdlald,   1
va1m,   1
ToxicDreamz,   1
tkhadir,   1
TeodorRussu,   1
Tarush27,   1
Tanmay-T,   1
stefanbirkner,   1
sriram0315,   1
sospopo,   1
siavashsoleymani,   1
ShivayStark,   1
shivam1718,   1
sgr12-coader,   1
seungryeolpark,   1
SATAKSHI08,   1
samilAyoub,   1
Ruwanthi7,   1
ruchpeanuts,   1
rohit10000,   1
richardmr36,   1
RayYH,   1
qfxl,   1
priyanshu5485,   1
osandadeshan,   1
OrangePants-R,   1
noamgrinch,   1
Nilabhro29,   1
Nikhil-Wani,   1
nan-avan-alla,   1
nahteb,   1
mztriz,   1
murtaza-hub,   1
moustafafarhat,   1
mkrzywanski,   1
manannikov,   1
jyotsana279,   1
iamtocolor,   1
Hardik9991,   1
gkulkarni2020,   1
dsibilio,   1
divyakumarjain,   1
Dev-AliGhasemi,   1
dependabot-preview[bot],   1
dependabot[bot],   1
choudharyrajritu,   1
ChFlick,   1
carousel,   1
BurkHufnagel,   1
ashishtrivedi16,   1
aryanveer,   1
ArjunVaskale,   1
archzi,   1
anuragagarwal561994,   1
anirudhdmenon,   1
AmritKaur1,   1
aksh191,   1
ahad1105,   1
aditi2906,   1
