aajisaka,  25
steveloughran,  23
amahussein,  14
GauthamBanasandra,  13
tomscut,   9
virajjasani,   8
sumangala-patki,   7
iwasakims,   6
LeonGao91,   5
tasanuma,   4
qizhu-lucas,   4
Neilxzn,   4
ayushtkn,   4
xiaoyuyao,   3
touchida,   3
Nargeshdb,   3
ferhui,   3
dgzdot,   3
bilaharith,   3
amoghrajesh,   3
yzhangal,   2
TJJack,   2
sunchao,   2
smengcl,   2
maobaolong,   2
langlaile1221,   2
lamberken,   2
jojochuang,   2
HeartSaVioR,   2
bshashikant,   2
belugabehr,   2
arturobernalg,   2
zml4518079,   1
zehaoc2,   1
wangyum,   1
viirya,   1
symious,   1
srinivasst,   1
saintstack,   1
premal,   1
prasad-acit,   1
phymbert,   1
OceanSunzh,   1
nohkwangsun,   1
NickyYe,   1
mpryahin,   1
mehakmeet,   1
mbsharp,   1
liuyanpunk,   1
liuml07,   1
JJiaguodong,   1
jiwq,   1
jianghuazhu,   1
functioner,   1
fengnanli,   1
cyrus-jackson,   1
crossfire,   1
Cosss7,   1
Bobrinik,   1
bgaborg,   1
anoopsjohn,   1
