felixxm,  36
cjerdonek,  17
hramezani,  13
jacobtylerwalls,   9
pope1ni,   7
jonathan-golorry,   4
adamchainz,   4
tim-mccurrach,   3
starryrbs,   3
smithdc1,   3
kaocher82,   3
claudep,   3
charettes,   3
carltongibson,   3
Uday-kiran007,   2
timgraham,   2
kshitijraghav,   2
imkaka,   2
hannseman,   2
Garvit-01,   2
gabbyprecious,   2
fdemmer,   2
DanielSwain,   2
boxed,   2
berycz,   2
baidoosik,   2
AdamDonna,   2
abbasidaniyal,   2
Uttam-Singhh,   1
trybik,   1
tkoschnick,   1
tiagohonorato,   1
thorrak,   1
thomas545,   1
theSinner,   1
sreehari1997,   1
simonw,   1
shinoyasan,   1
rohithpr,   1
raysultan,   1
ramonsaraiva,   1
orf,   1
NiyazNz,   1
nE0sIghT,   1
myl7,   1
mstoncel,   1
mkjpryor-stfc,   1
mimi89999,   1
Men770,   1
matthiask,   1
MarkusH,   1
marcgibbons,   1
manav014,   1
MajidHeydari,   1
kschingiz,   1
KommuSoft,   1
kobus-v-schoor,   1
knaperek,   1
juwaini,   1
jonnythebard,   1
johanneswilm,   1
jnns,   1
Jeet-programmer,   1
jackaitken,   1
huakkai,   1
hakib,   1
GitHubDragonFly,   1
girishsontakke,   1
gasparb16,   1
fmalina,   1
FireFighterer,   1
egism,   1
diego-lima,   1
darynaishchenko,   1
CorneelHollebrandse,   1
codingjoe,   1
chrisspen,   1
camilonova,   1
bsolomon1124,   1
Bookinlog,   1
bmispelon,   1
apollo13,   1
angusholder,   1
Amansingh1202,   1
AlexVerschoot,   1
alexsdutton,   1
alexdeathway,   1
Adrian-at-CrimsonAuzre,   1
abolfazl1300,   1
