yannbertrand,   6
0xBenjaminTaylor,   5
SitramSoft,   4
pyaillet,   4
derkweijers,   4
sonali623,   3
sharadcodes,   3
roelofr,   3
marijaninjo,   3
lennertVanSever,   3
ihsaanofficial,   3
heygroot,   3
danish45007,   3
AlbertSuarez,   3
surhud004,   2
spekulatius,   2
mohammedfarish,   2
mitchellciupak,   2
marekdano,   2
longnull,   2
ldobreira,   2
k4sud0n,   2
gitfrosh,   2
christinavoudouris,   2
ca13ra1,   2
amalshaji,   2
Yash-Singh1,   1
wopian,   1
wenbinf,   1
waynefarnworth,   1
VirtualZeth,   1
vadim-berman,   1
umermansoor,   1
tvacare,   1
tutyamxx,   1
tlangridge,   1
tilda,   1
tehuel,   1
tealjulia,   1
sonus2884,   1
softon,   1
slotix,   1
sivadej,   1
simatei,   1
shevabam,   1
semperry,   1
Schapagain,   1
sbwww,   1
sang2357,   1
samends,   1
SaiBalaji22,   1
Ry0taK,   1
rookiemonkey,   1
Rolv-Apneseth,   1
rodenacker,   1
rlouzadex,   1
rjerue,   1
RegenJacob,   1
rectifyer,   1
rajnish824,   1
Prajwal-Koirala,   1
pradana4648,   1
Perlkonig,   1
PauloBacelar,   1
NotMoni,   1
nitinbhojwani,   1
Nemesis30G,   1
narbehaj,   1
N3evin,   1
mwargan,   1
MrABoutin,   1
mpiber,   1
md-yaseen,   1
mbacchi,   1
maximgeerinck,   1
Maxime-Mn,   1
matheusfelipeog,   1
Marvel-Ib,   1
markus-wa,   1
mariache,   1
madisvain,   1
luukdv,   1
lukas-dallhammer,   1
LuisMayo,   1
luisfelipesdn12,   1
lucasMesquitaBorges,   1
lexscher,   1
lelouchB,   1
leanh1188,   1
krysal,   1
kevinmirc,   1
kevhann80,   1
juliensobrier,   1
juliensalinas,   1
jhuret,   1
jakobrosenberg,   1
j4nr6n,   1
IThinkImOKAY,   1
IgorRozani,   1
idarwishman,   1
huseyinozkilic,   1
hugonun,   1
HugoGEORGET,   1
hakanensari,   1
Greggolas,   1
greasezone,   1
gillescoolen,   1
ghost,   1
geodatasource,   1
geoapify,   1
GabrielJean,   1
foxxmg,   1
fekt,   1
eppeque,   1
Emmet-Allen,   1
Emmajperrez,   1
dsachin,   1
Dirk94,   1
dipjyotimetia,   1
dependabot[bot],   1
deenaik,   1
Darknez07,   1
danielswrld,   1
d9-debug,   1
cristiand391,   1
codewithkapil,   1
ck3g,   1
ChoiysApple,   1
chand1012,   1
casheww,   1
burgoyne,   1
bobziroll,   1
biomedengsam,   1
BigLobsterito,   1
BianorAraujo,   1
baumannzone,   1
babegadev,   1
atnbueno,   1
ashutosh-mishra,   1
ArmoredCavalry,   1
anuraggupta29,   1
angelina-tsuboi,   1
AnEmortalKid,   1
akshaykalucha3,   1
ajnisbet,   1
agilan2001,   1
adwulfran,   1
ADoebeling,   1
adbek,   1
Abhishekkuri,   1
3ng7n33r,   1
3jedgcm,   1
