donnemartin,  28
cclauss,  15
satob,   9
fluency03,   6
saurav-2104,   3
ghost,   3
YikSanChan,   2
yangshun,   2
sqrthree,   2
rahilsh,   2
manaskarekar,   2
kevingo,   2
jaspal-dhillon,   2
ianpark,   2
glusa8,   2
fabriziocucci,   2
antongulikov,   2
zlatan1981,   1
ZJUGuoShuai,   1
ZeeshanSultan,   1
zboigor,   1
youngchul,   1
ygdanchoi,   1
yaoxiaotong,   1
xulunfan,   1
Xom,   1
XingLiu14,   1
wonjoolee95,   1
WongKaYong,   1
Wintus,   1
whoan,   1
vyq,   1
vemikhaylov,   1
veloxy,   1
varun06,   1
varughese,   1
varshavjm,   1
userstartupideas,   1
tsukukobaan,   1
trantienduchn,   1
tk0221,   1
techgaun,   1
Tarrasch,   1
tangkangkai,   1
sweetmangosweet,   1
swagatata,   1
sudipbhandari126,   1
spuyet,   1
Skn0tt,   1
shubham-gupta-17,   1
shiyujiucsb,   1
sharpcodex,   1
serima,   1
ScottBrenner,   1
sainadh-d,   1
robertding,   1
rishabh115,   1
RGirish,   1
reiscigit,   1
razvanm,   1
rajat23,   1
peteryao7,   1
panguncle,   1
omaralqady,   1
OlafvdSpek,   1
noebrito,   1
njacharya,   1
nicolasmanic,   1
neesara,   1
narenchoudhary,   1
nagen010,   1
nacharya-msft,   1
morenoh149,   1
monujee,   1
MLucaciu,   1
mj-hd,   1
meteor199,   1
melvinljy96,   1
mebjas,   1
masaodev,   1
markmmm,   1
lzyzsd,   1
ludovicianul,   1
locht710,   1
lerignoux,   1
LeonYuAng3NT,   1
leontyr,   1
koudaiii,   1
kof-f,   1
kisileno,   1
kevinxuv,   1
kevinliu23,   1
karoliina,   1
joilson-cisne,   1
John-Richardson,   1
jamy7860,   1
iravitejakumar,   1
igauravsehrawat,   1
IAmPramod,   1
htkuan,   1
hiscodesmells,   1
HG1112,   1
hekra01,   1
hakaari,   1
gy0857478,   1
gitter-badger,   1
ganesshkumar,   1
evanyui,   1
dvanbrug,   1
duynguyenhoang,   1
dominikbraun,   1
dannyjung90,   1
danieljl,   1
dajiao007,   1
d12e493,   1
coderall,   1
CodeMySky,   1
chowmean,   1
cciollaro,   1
bryanjenningz,   1
brunoffsp,   1
breakliu,   1
Brantron,   1
brandonJY,   1
badalaryal11,   1
b3wsh,   1
amitkin,   1
alikrc,   1
alexanderteno,   1
Agade09,   1
ad-m,   1
