edoakes,  32
ijrsvt,  27
ericl,  17
sven1977,  12
richardliaw,  11
rkooo567,   8
DmitriGekhtman,   8
clarkzinzow,   8
WangTaoTheTonic,   6
simon-mo,   6
krfricke,   6
architkulkarni,   5
stephanie-wang,   4
iycheng,   4
wuisawesome,   3
suquark,   3
qicosmos,   3
kfstorm,   3
amogkam,   3
clay4444,   2
yiranwang52,   1
Yard1,   1
wumuzi520,   1
tchordia,   1
SongGuyang,   1
raulchen,   1
RaphaelCS,   1
raoul-khour-ts,   1
mvindiola1,   1
mjschock,   1
michaelzhiluo,   1
lixin-wei,   1
kathryn-zhou,   1
jovany-wang,   1
jack-parsons,   1
geraint0923,   1
Ezra-H,   1
EscapeReality846089495,   1
dependabot[bot],   1
ConeyLiu,   1
chenk008,   1
chaokunyang,   1
Catch-Bull,   1
cassidylaidlaw,   1
brian-yu,   1
Bam4d,   1
astronauti,   1
andrew-rosenfeld-ts,   1
acxz,   1
