adfoster-r7,  29
dwelch-r7,  26
bcoles,  20
zeroSteiner,  18
timwr,   9
jmartin-r7,   9
wvu-r7,   6
h00die,   6
gwillcox-r7,   6
geyslan,   4
pingport80,   3
pedrib,   3
friedrico,   3
cgranleese-r7,   3
yogeshwarram,   2
wesinator,   2
space-r7,   2
MucahitSaratar,   2
loneicewolf,   2
kalba-security,   2
erberkan,   2
CSharperMantle,   2
cdelafuente-r7,   2
arno01,   2
zomfg-zombie,   1
zerosum0x0,   1
XenoAmess,   1
Vladimir-Ivanov-Git,   1
thesunRider,   1
stufus,   1
sophosyaniv,   1
shawnsky,   1
security-curious,   1
s1e2b3i4,   1
red0xff,   1
nkitan,   1
nikhil-su,   1
Natto97,   1
mkienow-r7,   1
mekhalleh,   1
k0pak4,   1
JulienBedel,   1
jaleshkumar4,   1
hastalamuerte,   1
FireFart,   1
fardeen-ahmed,   1
digininja,   1
clglavan,   1
Chiggins,   1
capme,   1
bwatters-r7,   1
btnz-k,   1
astutejoe,   1
archcloudlabs,   1
AlanFoster,   1
Ahmedy7,   1
agalway-r7,   1
acammack-r7,   1
7Ragnarok7,   1
