ashmaroli,  69
DirtyF,  10
torrocus,   7
shannonxtreme,   5
parkr,   4
jaybe-jekyll,   4
tobyglei,   2
tnir,   2
spinningrachel,   2
SeekingMeaning,   2
rbrtmrtn,   2
pkirlin,   2
phieri,   2
markozxuu,   2
malathit,   2
iBug,   2
HonkingGoose,   2
dleidert,   2
biancapower,   2
zaprice,   1
veen,   1
toshimaru,   1
tnt,   1
tejasbubane,   1
tanant,   1
swanson,   1
SUPERCILEX,   1
stevestar888,   1
SNvMK,   1
seshrs,   1
searls,   1
saintmalik,   1
rakshasaini20,   1
qwtel,   1
pvalena,   1
ptcodes,   1
parzival3,   1
oturpe,   1
orchardcc,   1
oedmarap,   1
noproblema,   1
NickPax,   1
Mrscott2180,   1
mpchadwick,   1
m-naumann,   1
mkasberg,   1
MishaJexia,   1
MarshalJoe,   1
lxxxvi,   1
lucalves,   1
ljcooke,   1
lime,   1
Leo3418,   1
kslstn,   1
kerstinsimpkins,   1
jp26jp,   1
jondarrer,   1
joelkennedy,   1
jnozsc,   1
jlosito,   1
jesuslerma,   1
jeremygautama,   1
jeffreytse,   1
jacobovidal,   1
izdwuut,   1
hi-im-buggy,   1
hanmeran,   1
ghost,   1
francescobianco,   1
fleurdelys281,   1
fleaz,   1
fauno,   1
elizgarcia5,   1
ElectricRCAircraftGuy,   1
dotnetCarpenter,   1
devoojs,   1
DespertaWeb,   1
dependabot[bot],   1
DavidBruant,   1
danielnemenyi,   1
damsouza,   1
codenitpicker,   1
cmegown,   1
chuckhoupt,   1
chmaynard,   1
chbrown,   1
charalambospapa,   1
catherinetsang,   1
bytecode1024,   1
BenWhetton,   1
argilo,   1
aredshaw,   1
agbell,   1
adamalton,   1
